username,full_name,description,is_fake
landonnordeman,Landon Nordeman,good thing come brave heart slaptevaphotogmailcom,False
elnenecio,PapÃ¡ De Barbarita,daughter39s superhero love amazingbarbara tazelhuron believe live achieve pbgroup,False
donnahaymagazine,donna hay magazine,fast fresh simple recipe donnahay freshandlight donnahaycom click link recipe recent post,False
hairgod_zito,HairStylist ğŸ’€ Los Angeles,rickey zito pulpriot hair one hairdressing la west hollywood 3234520093 brazilian bond builder ilovehair elegance onehairdressing,False
6senseofficial,6Sense,mission trying amaze motivate make think excite simple sentence sometimes make smile,False
mattiasklumofficial,Mattias Klum,artist natgeo fellow photographer filmmaker professional speaker environmentalist wwf iucn ambassador ,False
andreabadendyck,ANDREA BADENDYCK ğŸ‘¸ğŸ¼,22 yo norway currently bahamas snap andriss andreabadendyckblogghotmailcom blog,False
madwhips_usa,American Muscle Cars,anthonymadwhipscom snapchat madwhips learn make 250000 posting photo,False
kateclapp,Kate Clapp / ĞšĞ°Ñ‚Ñ ĞšĞ»ÑĞ¿,epic russian   kateclappmailgmailcom,False
withhearts,Cory Staudacher,useless knowledge fact interesting fact amp,False
travelandleisure,Travel + Leisure,visual inspiration need kick wanderlust high gear use tlpicks chance featured tl account,False
martinalapeligrosa,Martina La Peligrosa,singersongwriter el caritocolombia almama ep contact andresborreromusicdepotcomco linacortessonymusiccom,False
vanlifers,vanlife by #vanlifers,1000contemporarynomads inspiring vanlifers,False
mathildegoehler,Mathilde GÃ¸hler,official instagram mathilde ghler le management mathildesocialworkscom,False
vonmiller,Von Miller,texas desototx add snapchat millerlite40 sb50vmvp dancing star season 22,False
glencyfeliz,Glency Feliz,girl affair fashion life infoglencycom glencyfeliz dominicana,False
meeeeeeeel_,Ãlvaro Mel,dj model twitter meeeeeeeel alvaromelinmanagementagency,False
fatosfemininos,Modaâ–«ï¸Beleza â–«ï¸Tutoriais,mylena thai bressp,False
nataliehalcro,N A T A L I E H A L C R O,turn push notification snap chat nataliehalcro oliviaooandcocom natliv sunglass,False
dawilda,Dawilda Gonzalez,image consultant fashion beauty blogger ventasdawildagonzalezgmailcominfosbcsocialbusinesscomdo twitter dawilda latest post,False
carlosestini,Carlo Sestini,based london snapchatcarlosestini enquiry enricomatteobaldicom,False
frenchiebutt,hi my name is milo ğŸ±ğŸ·ğŸ¸ğŸ°ğŸğŸ—,french bulldog born july 5 2013 bedbound butterball mustached mush narcoleptic nugget squishy seattleite frenchiebuttgmailcom,False
sashaspilberg,SASHA SPILBERG,youtuber singer songwriter business enquiry sashaspilbergzagencyru,False
giangi_81,Gianluca,made rome football asroma music cinema travel,False
ashybines,Snapchat : Ashybines1,snapchat ashybines1 youtube managment daeganashybinescom uk may16june 5th craving click,False
natgeoyourshot,National Geographic Your Shot,shotnational geographics photo community let tell story together yourshotphotographer,False
nadia_mejia,Nadia Grace,give love breathe love love newmark nu next 12 shanandnads mgmt brandonvalorentgroupcom miss ca usa 2016,False
tavicastro,TÎ›VI,music producer owner 4invictus aerospace engineer new vlog smashing chest biceps supplement ft laidback luke,False
rebferrari,REBECCA FERRARI,22 brazilian wbff diva fitness pro snapchat rebferrari,False
davidstea,DAVIDsTEA,say best thing life tea shop instagram feed,False
ig_pups,PUPPY CHANNEL ğŸ”µ IGPUPSÂ®,best puppy video dog lover,False
destinationwolf,DESTINATION WOLF,turn post notification vacationwolf feature wolflifestyle4gmailcom youtube vacationwolf currently istanbul,False
flamuruk,Flamur Ukshini,model flamurukhotmailcom,False
symphanisoto,Symphani Soto ğŸŒ¶,singer model beauty enthusiast florida business email symphanisotomelroseandparkcom watch recent vid,False
ideas_tatoo,Tattoos | Ğ¢Ğ°Ñ‚ÑƒĞ¸Ñ€Ğ¾Ğ²ĞºĞ¸,best idea tattoo best idea tattoo turn post notification,False
andy_mann,Andy Mann,adventure nature photographerdirector partner 3stringsproductions contributor natgeo sealegacy natgeopristineseas waittfoundation,False
frasesdem3rda,ğŸ’© Frases De M3rda ğŸ’©,facebookcomfrasesdem3rda snapchatfrasesdem3rda visit u,False
crochetgirl99,Robyn,australia crochet teacher crochet lover yarn shop yummyyarnandco,False
iuriebelegurschi,Iurie Belegurschi,official account iurie belegurschi landscape photographer based iceland iuriebelegurschigmailcom photo tour workshop,False
kirstenzellers,Kirsten Zellers,braid braid braid purpleish oh blog  kirstenzellerssavvycommco snapchat kirstenzellers,False
meryturiel,MarÃ­a Turiel Soler,every day fashion show world runway sevilla mturielgotalentscom,False
strictlyweddings,Strictly Weddings,luxury wedding resource spanning globe advertising inquiry email mediastrictlyweddingscom,False
audidriven,Audidriven,audidriven else mail audidrivennetgmailcom audiaustria audiforumneckarsulm audiforumingolstadt sebastian reiner vienna austria,False
stellahudgens,stella ğŸŒ¹,come often,False
hotelsandresorts,Hotels & Resorts ğŸŒ,hotelsandresortspublicistcom hotelsandresorts,False
jethromullen,Jethro,barn like photographed hong kong occasionally elsewhere journalist cnn,False
sincerelyjules,JULIE SARIÃ‘ANA,california girl globe trotter dream believe achieve shop ,False
theshadowconspiracy,The Shadow Conspiracy,go back time watch eric bahlman shred new sabotage sprocket,False
maria__way,Maria Way ĞœĞ°Ñ€Ğ¸Ñ Ğ’ÑĞ¹,official maria way vkcommariaway question 7 906 0338080 mwaytvgmailcom,False
a.sharif92,Ahmed Sharif,snapchat ahmedsharif92 business inquiry ahmedshariftarteeborg,False
katerina_perez,KATERINA PEREZ/ĞšĞĞ¢Ğ•Ğ Ğ˜ĞĞ ĞŸĞ•Ğ Ğ•Ğ—,jewellery insider jewellery editor follow see best jewellery gem ichoosefinejewellery watermarked photo copyrighted,False
weinspireyouroutfits,WeInspireYourOutfits,looking outfit idea follow u right photo follow new fashion account plushladies,False
gavinoneillphoto,Gavin O'Neill,nybased photographer kiwi wanderluster living dream please credit repost image,False
maaren_xx,MAREN ğŸš SCHILLER,247 girl germany 21 yr snapchat aboutmaren next milano sweden munich salzburg marenxxoutlookcom,False
classiccarchasers,Classic Car Chasers,love classic everything post sale 2 brother nycbased classiccarchasers,False
makanpakereceh,Makan Pake Receh,delicious tongue amp pocket let39s happy come go makanpakereceh miminmakanpakerecehcom bandungfoodies,False
nataliejillfit,NATALIE JILL,multi passionate yet easily distracted optimist kill excess fat living author 7 day jump start njfitcom,False
deliscake,Elena Tyan,share recipe gastronomic picture astana kazakhstan elenadeliscakegmailcom astana kazakhstan healthy food store,False
vegan,VEGAN ğŸŒ±,inspiring delicious fun vegan living website worldofvegancom twitter worldofvegan michelleworldofvegancom vegan video,False
carringtondurham,Carrington,pp snapchatcarrington143 gt brand carringtondurhamfullscreencom check week video,False
jonathan_irish,Jonathan Irish,contributor nat geo travel photograph repeat,False
timlaman,Tim Laman,birdsofparadise project save gp orangutan natgeo wildlife bbc filming conservation family outdoor adventure explore nature,False
gwilymcpugh,Gwilym C Pugh,model blogger wannabe explorer london hamburg amck kult major gwilympughicloudcom,False
eatfamous,Eat Famous,hear curator ryhanks changing city food game,False
lilithmoonlife,Lilith Moon,parisdohalifestyle travel fashion watch video youtubecomlilith youtubecomlilithmoonfr lilithmoonprojectsgmailcom,False
badasscassfit_,ONLINE COACHING | DIET PLANS,email info infobadasscassnet  badasscassstyle eddyactive cassie439 supe badasscassfit youtube,False
kosta_williams,Art Director - Influencer,business kostapulseadvertisingcom contact kostawilliams23gmailcom blog,False
ahmet.erdem,Ahmet ERDEM,outdoor lifestyle photographer istanbulturkey istanbul girl ahmeterdemprojectonecomtr,False
goldengianpy,Gianpaolo,web amp tv info collaboration gianpaologoldengmailcom,False
cravingsinamsterdam,Paola Holthausen,food stylist digital creative recipe restaurant lifestyle travel amsterdam story cravingsinamsterdamoutlookcom,False
brahmino,Simone Bramante,storytelling first cofounder whatitalyis contact simonebrahminocom,False
micahgianneli,MICAH GIANNELI,fashion lifestyle beauty blogger australia international jessemicahgiannelicom,False
andreleonardooficial,AndrÃ© Leonardo,singer composer sony music show 12 996588088 listen new playlist spotify,False
universityofrock,University of Rock (uRock),run universityofjk tag universityofrock regular feature urock nation ship worldwide rockshop,False
stevebooker,Steve Booker,photo taker video maker travelling world search great coffee style friend hellostevebookercouk london,False
muitointeressante,MUITO interessante,turning information fun without losing credibility post study reliable verified reference edited ekrominski,False
gabrielapugliesi,SNAP: ga.pugliesi,brazilianwelcome life contatomapbrasilag contatogabrielapugliesicom vendimeusofa po box79938 cep04544970,False
caitlin__oconnor,Caitlin O'Connor,los angeles actress tv host,False
ninaserebrova,Philipp Plein Sport model ğŸ’€,moscow fitness beauty shootsadverts ninaserebrovagmailcom talk supe,False
featureshoot,Feature Shoot,official instagram photography website feature shoot tag myfeatureshoot considered,False
libesona,Lizbeth Santos,free spirit traveler music listener nature lover observer fun mother acting passion communicating job full time life lover,False
lipstickfables,ANA ALVARADO,catracha youtube social medium video blogger univision creator network follow shoplipstickfables lipstickfablesgmailcom,False
madwhips_mcl,World's Hottest McLaren,anthonymadwhipscom learn make 250000 posting photo,False
hillaryoff,Hillary Les Ch'tis,hillary le ch39tis professional inquiry prohillaryshaunaeventscom,False
vacationwolf,VACATION WOLF | (ğŸ“¸/ğŸ¥) ğŸ¦‹,turn post notification vacationwolf email collaboration sharing best hawaii miami currently istanbul,False
andreamelchiorre1,Andrea Melchiorre ğŸŒ¹ğŸ’€,23yo blog  founder saveoneshop faceshoesit 2 bekini ,False
keenanpearce,Keenan Pearce,maknacreative,False
drmusatokmak,Dr.Musa Tokmakâœˆ,activistteacher travel loverinternational activity sport youth club musatokmak3yahoocom,False
alexandreagarza,Alex Garza,youtube content creator vlogger alexandreagarza youtubecomthealexandreagarza spring favorite vid,False
isnathan,Nathan McCallum,livin life like going style fashion fitness adventure nathanbangarangblogcom,False
vutheara,VuTheara Kham,photographer paris france contactvuthearacom,False
tetongravity,Teton Gravity Research,nick mcnutt find redemption alaskan avalanche,False
javierrrey,J A V I E R R E Y,actor,False
tattoodo,Tattoodo,curated collection counter culture featuring world top artist show u tattoodo snap tattoodotv,False
khivju,Kristofer Hivju,actor writer wildman,False
theobonaparte,T H E O,realtheobonapartegmailcom,False
seanopry55,Sean O'Pry,anthonymadwhipscom learn make 250000 posting photo,False
aka.the.one,LUNA I'NOORğŸŒ™,lifestyle vlogs business inquires lunainoorgmailcom,False
dailyfoodfeed,Home of #DailyFoodFeed,food pic vids thejedmond snapchat dailyfoodfeed dailyfoodfeedgmailcom email business inquiry,False
dannibelle,Danielle Robertson ğŸ¨ğŸ‡¦ğŸ‡º,law student personal trainer womensbest ambassador sc dannibelle website dannibellecom enquiry hellodannibellecom,False
gatherandfeast,Ashley Alexander,gather feast beautiful food recipe resource styling simple gathering snapchat gatherandfeast roasted tomato smokey chili spaghetti,False
jannid,Janni DelÃ©r,traveling world lifestylefashion blogger designer sweden living monaco see,False
miraduma,Miroslava Duma,fashion technology,False
petekmuller,Pete Muller,national geographic photographer creating visual case study masculinity conflict human ecology nairobi kenya,False
missphitran,ï¼³ï¼¸ï¼£ï¼²ï¼µï¼¤ï¼¯â„¢,persistence break resistance snapchat missphibaybee,False
realdiddykong,Diddy Kong & Yeti Kong,story two tiny monkey diddy kong common marmoset yeti kong hybrid marmoset facebookcomrealdiddykong follow adventure,False
professor_pouncey,Pouncey Pants Ph.D,bengal cat occasional critter pennsylvania usa professorpounceygmailcom,False
applebums,Applebum by Eugenia,dubai based blogger cofounder wearebetterae digital marketing consultant collaboration prapplebumru,False
pamemcbeath,P.,pamemcbeathoutlookes,False
berlinstagram,"Michael Schulz, Berlin",berlin travel whileinbetween helloberlinstagramcom,False
omundoanimal,Milena Farber,contatoomundoanimalblogbr,False
colbybrownphotography,Colby Brown,photographer photo educator author landscape travel humanitarian photography join photo adventure iceland patagonia norway,False
faktastisch,Faktastisch - Das Original,useless knowledge fact interesting fact amp,False
jamesalexanderellis,James Alexander-Ellis,jaefit wbffpro bequadzilla scimx workoutempire experienced prep coach posing coach london latest back video,False
kickposters,Dan Freebairn | KickPosters,illustrator designer client include adidas reebok puma stormzy highsnobiety adidascomcollect adidascollect shop sneaker poster,False
kyrenian,ALTUG GALIP,traveller adventurer entrepreneur currently italy altuggalipgmailcom,False
joselyncano,Joselyn Cano,snapchat joselyncano ig joselyncanofit business infojoseycanocom,False
davidalanharvey,David Alan Harvey,magnum photo burn magazine photo book rio cuba hiphop,False
nick__bateman,Nick Bateman,infobatemanmgmtcom snapchat nickbatemans,False
nude_yogagirl,Nude Yoga Girl,model photographer yoga art travel beautiful exactly way everything fine art print,False
elliott.mae,Elliott Drew - 'Fit With El',fitness health balance personal trainer melbourne snapchat elliottmaed infofitwithelcom custom plan,False
hammond_robin,Robin Hammond,photographer cofounder witness change human right activist support lgbt right health without mental health love animal dont eat em,False
conrad_anker,Conrad Anker,husband dad son brother climber athlete team capitan north face smartwoolpetzlyetivoke tab good kind happy,False
lyzabethlopez,Lyzabeth Lopez,award winning master trainer holistic nutritionistcreator ofthe hourglassworkout snapchat lyzabethlopez inquiry infohourglassworkoutcom,False
chiliphilly,Phil Ferguson,artist satellite foundation ambassador enquiry philchiliphillycom,False
everythingeverywhere,Gary Arndt,3x north american travel photographer year traveled 120 country 7 continent download free 100 page photo ebook,False
katia_mi_,Ekaterina Mishchenkova,visual artist creative conceptualist member union art photographer bw katiami mailkatiamicom,False
franslanting,Frans Lanting,national geographic photographer author speaker creator image story event inspire wonder concern living planet,False
car,car,official car instagram orlando fl kik talktocar,False
elisabeth.rioux,Elisabeth Rioux ğŸ‘™,snapchat twitter elisabethrioux owner hoakaswimwear collab business elisabethriouxlivefr big announcement parent,False
filippofiora,Filippo Fiora,filippo fiora fashion lifestyle passionate designer edhenmilano architect filippofiorathethreefcom,False
beverlyjoubert,Beverly Joubert,awardwinning photographer filmmaker dereckjoubert produce african wildlife conservation documentary image ,False
menwithstreetstyle,Eternal Noir,menwith fastest growing instagram account men style visit web shop,False
santantactical,San Tan Tactical,aerospace company manufacturing medium news chandler arizona,False
jn,Joerg Nicht // Berlin,picture tell story instagrammer since 10102010 lumix ambassador twitter joergnicht jnphot infojoergnichtcom ,False
margaret__zhang,Margaret Zhang ç« å‡,youth fury volume photo essay margaret zhang,False
annlestyle,ANN LE,youtube creator ann le anneorshine pinterest annlestyle lifestyle blogger  annlestylebrandgmailcom video link,False
simplysona,Sona Gasparian,simplysonacom snapchat simplysona founder personacosmetics 690k besties youtubela,False
natlustosa,Nathalia Lustosa,job alessandrainfluencersdigitalcom snap nathlustosa youtube nathalialustosa twitter nathlustosa ,False
nahcardoso,Snapchat: heynahcardoso ğŸ‘»,digital influencer assessorianahcardosocombr cx postal 80009 cep 05724972 facebookcomoficialnah twitter nahcardoso youtube,False
johannaeolsson,Johanna Emma Olsson,influencer fashion consultant mail collaborationsjohannaeocom based london stockholm next cannes look expensive,False
eatandshout,Eat Travel Lifestyle â€¢ Review,eat amp shout real review influence asia award 2015 top food influencer  contacteatandshoutcom lineeatandshout also,False
nihatkayin,Nihat KayÄ±n,stay strong,False
tammyhembrow,â €â €â €â €â €â €â €â €â €â €â €â €â €â €â €â €â €â €Tammy ğŸ¦„,australian mum 2 woman best fitnesstammyhembroworg  fitness program,False
erubes1,Eric Rubens,based true story southern california youtube erubes1 email erubes1gmailcom,False
sarahstage,ğŸ”SARAH STAGE,managementbooksarahstagegmailcom buy jamesy matte lip paint,False
cozinhadalbo,Cozinha Dal BÃ³,recipe photo people story recipe photo people story angelodalbo paulo brazil zinhadalbogmailcom,False
anilarjandas,Anil Arjandas,ceo amp founder anil arjandas jewel snapchatfacebooktwitter anilarjandas infoanilarjandascom,False
bethanyhamilton,Bethany Hamilton,saved grace god mr mom pro surfer motivational speaker movie book soul surfer unstoppablethefilm,False
frank_the_funnyfrenchie,Frank The Frenchie,im funny frenchie love everyone take thing way seriously sometimes infomannythefrenchiecom,False
travisrice,Travis Rice,thankful earth day,False
negin_mirsalehi,Negin Mirsalehi,gisouofficial snapchat neginmirsalehi youtube,False
jacob,J A C O B R I G L I N,director content beautifuldestinations jacobbeautifuldestinationscom new york,False
_ingo_1,i n g o,l n n c n c e p u l e h e c,False
ohwowfashion,OhWow Fashion,capture ohwow moment infoohwowinccom,False
lumadeline,Madeline Lu,food lifestyle travel based san francisco bay california snapchat madelinelu,False
zyoshka,Ğ•Ğ»ĞµĞ½Ğ° Ğ—Ñ‘ğŸŒ·,filmingadvertising what39s app 7 925 9354672 moscow v heidelberg twitter zyoshka1,False
faheeym,Faheeym HossainğŸŒŸ,businessfaheeymgmailcom follow facebook,False
soniatlevfitness,Sonia Tlevâ€¢Personal Trainerâ€¢,creator tbc sbt 12weeksworkout healthy diet soniatlev app av topbodychallenge ebooks click,False
mevy,Merve Ã–zkaynak,beauty vlogger youtube shopping makeup style beauty fb twitter snapchat merveozkaynak affordable product versus expensive product,False
chrisburkard,ChrisBurkard,camera travel ldsphotographerspeakerdirector,False
pamela_rf,Pamela Reif,20 pamelarf1 gym program  blog aboutpamcom strongbeautiful pamelareificloudcom,False
irablockphoto,Ira Block,national geographic photographer based new york usa,False
swisswatches,Swiss Watches,mechanical watch photosvideos right reserved,False
fozaza,Alanoud Badr,alanoud badr prfozazacom snapchat fozaza,False
mangorabbitrabbit,ğŸ’œ Kerina,torontoinfluencer content creator founder shopmangorabbit mangorabbitrabbitgmailcom mommy mr lucas,False
beckermanblog,Cailli Beckerman Sam Beckerman,daily fashion blog beckerman twin cailli kaylee sam follow u instagram story beckermanblog beckermanbloggmailcom,False
sisterlystyle,S I S T E R L Y S T Y L E,amelia elisa twin sharing passion living loving enjoying l f e fullest infosisterlystylecom,False
kelsrfloyd,KELSEY â•³ FLOYD,american style blogger kelsrfloydgmailcom dollygirlfashion ambassador bellamihair discountkelseyxo stellyclothing discountkelsey10,False
nakedplanet,Naked Planet,community ecotravelers share story nakedplanet nakedplanetbizgmailcom,False
pegasusunicorn,CHLOE POLIWKA,perth australia sc pegasusunicorn bl,False
marcusbutler,Marcus Butler,make stuff mentioned episode family guy made snapchat marcusbutler businessmarcusbutlercouk,False
amivitale,Ami Vitale,ami vitale nikon ambassador national geographic photographer working story coexistence,False
tomer_gelb,Tomer Gelb,creative director fashion designer musikafrere aleksmusika,False
laurajenkinson,Laura Jenkinson,college prepster live dream ct nyc snapchat collegeprepster,False
amytoensing,Amy Toensing,photographer natgeo educator artist,False
dani_thorne,Dani Thorne,333 dj comet masterofthepeople hbic valleycity feelingthorney danithorne 24 yo light plant based,False
clarecrawley,Clare Crawley,hairstylist sunshine thriver fruit juicer inspiration seeker lover anything handmade mamarazzi fur baby claredcrawleygmailcom,False
itscaroo,Caroline Julius,german 20 fashion lifestyle cardiff mannheim next carojls16gmailcom carojls,False
blvckd0pe,Kim | Germany-Stuttgart,blackdopemanagementgmailcom new brand vandoxdesign,False
love.watts,WATTS,submission inquiry welovewattsgmailcom,False
elensham,Elena | London,photography social medium consultancy content creation travel lifestyle street life architecture coffee contact elenshamgmailcom,False
stylebook_,Style â€¢ Fashion â€¢ Luxury,daily inspiration credit go photographer business inquiry marketingsbofficialorg,False
gregsideris,Greg Sideris I Vienna,travel lifestyle inspiration founder theviennablog vienna italy,False
chicagofoodauthority,Chicago Food Authority,samantha roby founder ceo snapchat chicagofood city guidedigital content food stylist let chat samanthachicagofoodauthoritycom,False
yoga_girl,Rachel Brathen,new podcast episode every friday link islandyogaoneoeighttv109world inforachelbrathencom,False
aureta,Aureta,infoauretacom represented w magazine,False
lyzabeth_lopez,Lyzabeth_Lopez,created 2nd page lyzabethlopez fit page sharing love fashion beauty travel decor contact infohourglassworkoutcom,False
theclassypeople,Positive & Motivational Quotes,create classy mindset theclassypeople kik theclassypeople snapchat snaptcp extra motivation check blog,False
sheidafashionista,â€¢ S H E I D A â€¢,current location dubai contact infosheidafashionistacom snapchat sheidafashion youtube sheidafashionista,False
robinmartinyoga,Robin Martin,yogi acro yogi yoga teacher mother two beautiful girl seattle based robinmargomartingmailcom,False
nationaldestinations,National Destinations,discover beautiful destination earth u kik nationaldestinations mail infonationaldestinationscom,False
zhanna_badoeva,Zhanna Badoeva - Ğ–Ğ°Ğ½Ğ½Ğ° Ğ‘Ğ°Ğ´Ğ¾ĞµĞ²Ğ°,79163673465 denis 380994909323 vadim ,False
rvstapleton,Rich Stapleton,art director photographer creative director cerealmag hellorichstapletoncom,False
parisinfourmonths,Carin Olsson,moved sweden paris follow dream photographer based paris snapchat carinolsson,False
daniel_ernst,Daniel Ernst,adventure lifestyle photographer germanroamers based frankfurt germany hellodanielernstphotocom,False
bossbabe.inc,Boss Babe,personal branding academy millennial woman ran nataliediver contact werkbossbabeme seen forbes inc fast company,False
sea_see_you,Simaâš“,good thing come brave heart slaptevaphotogmailcom,False
pinkperception,â €â €âœ¨ğŸ’—ANNAğŸ’—âœ¨,mua business inquiry pinkperception1gmailcom pinkperception1 morphebrushes codepinkpyoutube tag pinkperception,False
_tinamaria,TINA MARIA ğŸ’‹,contact pernillesmacagencycom snapchat tinamarias buy necklace support al research,False
designdecor,AndrÃ©adePaula GabrielaNÃ³brega,architecture decoration inspire olioli influencers contact designdecorcontatogmailcom original project depaulaenobrega,False
madwhips_mas,World's Hottest Maserati,anthonymadwhipscom snapchat madwhips learn make 250000 posting photo,False
elizabethgadd,Lizzy Gadd,vancouver canada nature dweller animal lover chocolate eater,False
aialahernando,Aiala Hernando,photographer director,False
ihavethisthingwithfloors,I Have This Thing With Floors,foot meet nice floor take selfeet use ihavethisthingwithfloors curated amsterdam collabs helloihavethisthingwithfloorscom,False
r.h.sin,r.h. Sin,new york city best selling author photographer,False
jadeywadey180,Jade Marie,international makeup artist beauty influencer educator esthetician loral brand ambassador jademarie123 jadeywadey180 jadeywadey180gmailcom,False
pamhetlinger,Pam Hetlinger,girl panama pamhetlinger based la panama pamthegirlfrompanamacom,False
joannagaines,Joanna Stevens Gaines,magnolia wife mom renovator designer shop owner homebody watch u hgtvs fixer upper tuesday 98pm cst follow magnolia fun update,False
swaypaul,ĞŸĞ°Ğ²ĞµĞ» Ğ¨Ğ²Ğ°Ğ¹,contact swaypaulgmailcom  turn post notification turn notification new post new video new video,False
ingridnilsen,Ingrid Nilsen,curious mind adventurous heart watch newest video,False
macenzo,Dirk Bakker,amsterdam nl travel art design architecture contact dirkmacenzonl ,False
mattblack_blackmatt,Matt Black,photographing geography poverty,False
marte_marie_forsberg,marte_marie_forsberg,norwegian photographer author living english countryside photography travel cooking retreat cookbook 2017 clarkson potter,False
madwhips_bimmer,World's Hottest BMW's,anthonymadwhipscom snapchat madwhips learn make 250000 posting photo,False
theseanodonnell,Sean O'Donnell,actor social theseanodonnell facebook seanodonnellofficial,False
themrsgibby,Tara Gibson,southern based fashion travel lifestyle blogger contact mejimmychoosandtennisshoesgmailcom click read latest blog post,False
amiraa88,AMIRA MOUBARAK,fashion beauty lifestyle blogger youtuber ,False
konaction,konrad | berlin,mailkonactiongmailcom,False
realgrumpycat,Grumpy Cat,official instagram grumpy cat world grumpiest cat teamgrumpy,False
massy.arias,MankoFit ğŸ‡©ğŸ‡´,health coach proud mommy growingupindicreator ma30day contact massytheshowus new program click,False
anddicted,ANDREA TAMBURRINI,content creator storyteller lifestyle food travel milan andyjam anddictedicloudcom new blog post,False
jannikobenhoff,Jannik Obenhoff,photographer germanroamers boy camera 16 yo based munich germany igjannikobenhoffgmailcom download presets,False
zoepastelle,Z o Ã« P a s t e l l e ğŸŒ¸,actress fashion lover creative mind hungry life zoepastellelife based zurich zoepastelle next italy belgium,False
leighannsays,leigh ann,make youtube video youtubecomleighannsays snaptwitterfacebook leighannsays leighannsaysgmailcom watch new video,False
britishfashioncouncil,British Fashion Council,official page british fashion council follow londonfashionweek lfw lfwm,False
croyable,eelco roos,dutch photographer tinker street contact eelcocroyablecom tweet eelcoroos,False
popeyethefoodie,Popeye the Foodie Dog ğŸ˜‰,la stray pup mix breed unknown turned food connoisseur available popeye merchandise,False
emilyschuman,Emily Schuman,founder cupcake cashmere,False
smithsonian,Smithsonian,museum 19 national zoo legal ,False
melissafarlow,Melissa Farlow,melissa farlow 20 national geographic story extensive documentary work american west,False
aleksmusika,Aleks Musika,creative director fashion designer musikafrere aleksmusika,False
madwhips_pag,World's Hottest Pagani,anthonymadwhipscom snapchat madwhips learn make 250000 posting photo,False
gypsetgoddess,Caitlin Turner,journeying endless possibility live life love sharing infogypsetgoddesscom,False
ocean,Made of Ocean,inspirational visuals blue heart exclusive madeofocean ocean art available via enquiry contactmadeofoceancom,False
marinlle,Marine LELEU,25 paris youtube marine leleu snap marinlle myprotein ambassador amp graduate coach marathon x 5 half ironman x 3 ironman x 3,False
gianmarcovalenza,Gianmarco Valenza,dont dream goal,False
salehalbraik,Saleh Al Braik,location mydubai job dubai tourism owner gravitydxb wakamedubai thinkupgcc snapchat salehalbraik salehalbraikgmailcom,False
nonami87669,,citi krj khordas boks love,True
moein.mahdvi,Ù…Ø¹ÛŒÙ† Ù…Ù‡Ø¯ÙˆÛŒ,fuller curved mehr mahi mechanical engineering,True
boutik__.7,boutique 7,boutique son address shushshahr har bahnar st opposite imam hossein square contact number 09333657356,True
heliya__.pv,heliya,deymahi pv personal blog,True
mahdinmnbvcxz12,,zdehal,True
kinggemr1362,Kinggemr1362,big hastham,True
ali_nourifard,Ali noorifard,buy training package contact 09126541637 page entrance exam student iran alinoorifardofficial,True
_mohammad_beroo,,god punish,True
s.aynaz_96,â¥â¦â§âƒâœ¿*à¸£.à¸„×¥à¸ à¸„z âœ¿*Â â¥â¦â§âƒ,forget problem time stop,True
nasi.m1596,nasim,tehran tirmahi,True
amir.heydari212,ğŸ‘‘AMIRğŸ‘‘,hello guy welcome page,True
sana.__.13811,sana,guitar ordibehesht mahi bad girl madarm,True
liliyajonn799,liliyajonn799,god,True
mamad_0000000,,jansbdbdifjbdidhdbcxh,True
kharazian_gallery,âšœ kharazian_gallery âšœ,khorazian gallery gold jewelry khorazian sari saat square passage tandis 1 phone01133303998 mobile09111519819 messaje,True
sahar_z1138,Sahar_z1138,subject law islamic republic order increase follower like know secret success direct network happy follow,True
alimalitopi,,spring,True
oxfat1,Ø¨Ú© Ø¨Ø¯Ù‡Ù‡Ù‡Ù‡,today,True
poiuyrad4,poiuyrad4,realshadmehr tehran rel singel muzic world,True
sadafsadafe1995,sadaf,love like painting difference erase painting love,True
zaiden001,,big difference someone quotcomes shortquot someone quotcomes shortquot,True
akbaryakoza,Ø§Ú©Ø¨Ø± ÙˆØ§Ù‚Ø¹ÛŒ,tired yakuza,True
zahra___________17,ğŸ†‰ğŸ…°ğŸ…·ğŸ†ğŸ…°,99 human body dying j,True
packagekazemi,Ø³Ø±ÙˆÛŒØ³ Ú©Ø§Ø± Ù¾Ú©ÛŒØ¬,area tehran installation commissioning kind package specialized repair international certificate 0937 198 75 78 0930 211 27 29,True
amirrezaalizadehi,Amirreza Alizadeh,amirreza alizadeh turkish melody,True
decoration_hoome2021,Ú©Ø§Ø±Ù‡Ø§ÛŒ Ú†ÙˆØ¨ÛŒ ÙÙ„Ø²ÛŒ,amol wooden metal work ordered size want many good idea,True
salmaaa921,ss,doubt love one say quoti love youquot love silent love mute,True
chkur_godal,godal,pit series,True
tataloo4731,tatloo,close,True
0n_77884,ÙØ·ÙˆÙ…Ù‡ğŸ§¿,change person imitate anyone follow word hear harm person,True
silin1450,slin,delete,True
_4r00k_,aria&amp;nawab,persepolis,True
__zahra__v__20,â™¡ã€ŠØ²Ù‡Ø±Ø§ã€‹â™¡,crazy girl tehran muzik amirmaghareofficial,True
faezemahd,Faeze,flwflw,True
farshid.w73,farshid,azar mahi 26th midandawab autumn seventh day azar share,True
saeede__turk,,tabriz civil engineer unipnu tabriz 1994 i saeede nouri fun thanks hassan saboori returning page hassansaboori1,True
erfa.n4840,erfan,fotbal kurd kermanshah want manly friend mohamad1230,True
fazeled2021,fazel,don39t come u throwing thing,True
mr.mohammad2311,barista,man wcoffegandom 206rc 206tuning 207i 405glx mazda3 pneumaticopen waterproofheadlight,True
mhtb_joon71,Ù…Ù‡ØªØ§Ø¨,love basketball music love live tehdctbk,True
aydin.betyar4706,*A**Y**D**I**N*,yaman gunler yorgun janimi saldi falk,True
tazia_neh2,Amir Tataloo,mitra ya hasan,True
tuss.beauty,tusbeauty,skin hair consultant,True
orj_stook,stook|Ø§Ø³ØªÙˆÚ©,ask u high quality stock item information admin price visit directory,True
ronikolman7,ronikolman7,sultan ronnie coleman,True
sadgh4817,sadgh,fhuff,True
raknrayfar,Ø§ÙŠÙØ§Ø±,interact account,True
nemat_987,Ù†Ø¹Ù…Øª,perspolis,True
5x_77882,ÙØ·ÙˆÙ…ğŸŒ¹â™¥ï¸,margatsniyab 16 eye convince atheist god creative,True
maryam_heidary021,maryam,subject law islamic republic iran please express criticism opinion respect,True
amirt.aksavar,ğŸ‡®ğŸ‡·ğŸ—AMIRğŸ—ğŸ‡®ğŸ‡·,never look behind reach going,True
maahgalleryyy,maahgalleryyy,gallery month hair hair accessory bracelet earring andwhatever want individual major order via direct,True
5x_77881,ÙØ·ÙˆÙ… â™¥ï¸ğŸŒ¹,margatsniyab 16 eye convince atheist god creative,True
susaneblikk,jojo,jojoba,True
mary.amm7522,,turk,True
amirhoseyn._.1382,amirhoseyn._.1383,die don39t die mother loneliness worse,True
kamii__mirzaeii,kamii,gym turkey born iran pv,True
oppppop2,oppppop,hhhh,True
loq__o190,Ø¹Ù„ÙŠ ÙŠØ§Ø³Ø±,account interaction,True
ssadfmm,Ø³ÙØ¯ÙÙÙÙ…Â°,little girl big dream pain gain music lover taylorswift love spring girl,True
fatem_eh729,fatiiiiğŸ’…,qom nervous dekhi,True
mahasti1375_,mahasti,mehsti 1375 tir mahi study cycling swimming tennis horse riding,True
neda.baghri.pv,â‚™â‚‘da,tatality khosrokhan969 sohrab mj,True
sara__javadiiim,,saram rst i39m lonely singele life dream,True
im_salehi70,nda,msd 1998,True
art_cnc_2020,,art miracle hard effort,True
beauty_hamedan,Ù…Ø´Ø§ÙˆØ± Ù¾ÙˆØ³Øª Ùˆ Ù…Ùˆ  Ù‡Ù…Ø¯Ø§Ù†,beauty consultant skin hair nail specialized health beauty product possibility send country know price direct,True
mhr._.daad,Mhr._.daad,month life turn earth far away,True
sahar211382,,thank god,True
fatiep90,Ø¨Ú© Ø¨Ø¯Ù‡ğŸ’‹ğŸ˜,mbm,True
ewmirrr.rrr,â˜€ï¸ÛŒÚ© ØªØ§Ø²â˜€ï¸,it39s dying,True
shoes_aryana,ÙØ±ÙˆØ´Ú¯Ø§Ù‡ Ú©ÙØ´ Ø¢Ø±ÛŒØ§Ù†Ø§ (Ø§ØµÙÙ‡Ø§Ù†),pant page jeanaryana telegram channel,True
nazanin_org._,ğŸ”±nazaninğŸ”±,world everyone want god attractiveness way attractive everyone missnazanin,True
roy_a666,ØªØ±Ù†Ø³Ù… Ø¬Ø¨Ø¹Ù‡ Ù†Ú¯ÛŒØ± Ø¬Ù†Ø¨Ù‡ Ø¨Ú¯ÛŒØ±,i39m transgender creator created transgenders without decision subject rule islamic law follow page child superior sex,True
samiraesmailpour4679,Ø³Ù…ÛŒØ±Ø§Ø§Ø³Ù…Ø¹ÛŒÙ„ Ù¾ÙˆØ±,master39s degree language literature teaching,True
vida_yari19,,computer graphic,True
kambiiz_56,Ú©Ø§Ù…Ø¨ÛŒØ²,soon late,True
banoy_paeizy,Ù…Ù‡Ø¯ÛŒÙ‡,love khodamamanambabamdadasham aban mahi directblock thanks hassan saboori returning page hassansaboorii,True
fatemeh_khanom_b,fatemeh,im alone,True
_lli9k,ØªØ±Ù.,long drawing alive,True
ali._.pvpage1386,Ali Barahimi /Ø¹Ù„ÛŒ Ø¨Ø±Ø§Ù‡ÛŒÙ…ÛŒ,live esfahan love perspolis playing clutch,True
hadi._.pooransari,hadi,didn39t pay attention killed wolf way going,True
shahab.rade,,one person excuse quotyouquot quotbreathingquot,True
_amir.h_karimi,amirhossein_photoshop,brj graphic photomontage photoshop,True
ll_sanall80,â„ï¸sanaâ„ï¸,fqd balade qlbmi,True
oktay_nickjahan,tabriz....sport,always like glass break take hand away,True
mahdi_kh0076,mahdi kheyrolomur,tehran live babolsar mekanichal engneering umz thank mr sabouri,True
hulk.1398,hulk,hulk,True
solmz._.zlf,Ñ•Î¿â„“Ğ¼Î±z zÎ¿â„“Æ’Î±gÎ±ÑÎ¹,19 le,True
farza_r4,Farza_r4,ba mn bash,True
5x_77885,ÙØ·ÙˆÙ…Ù‡â™¥ï¸,margatsniyab 16 eye convince atheist god creative,True
ansar_r154,Ansar_r1,afsayd elam mikone,True
mahyar2020296,mahyar202029,hhhhhhhhhh,True
shahrekordbazaar,Ø¨Ø§Ø²Ø§Ø±Ø´Ù‡Ø±Ú©Ø±Ø¯,shahrekord,True
0n_77885,Ù†ÙˆØ±Ù‡Ù‡â™¥ï¸ğŸ–¤ğŸ§¿,change person imitate anyone follow word hear harm person 119,True
mehdi._.gh._.00,â„³â„®â„‹â……á,far kazeroon shahsaltaneh farvardinmahi,True
meli.sx11,Ğ¼Ğµlis,previous page hacked,True
0n_77883,ÙØ·ÙˆÙ…â™¥ï¸ğŸ–¤,ge 20yo lord made request great easy god respond,True
23black_pubge,,pubg mobile team23blakce game play scrim tornoment,True
dashali___joker,soltan,always laugh even sad dash ali39s official page dashaliactor,True
4708fateme,fatemeh,follows,True
hengamebaboli,Ù‡Ù†Ú¯Ø§Ù…Ù‡,kurdish,True
roz__rajabi,,god remind don39t forget remind,True
__mody__,Mahmoud Samy,000001quotegypt fuck opinion alfashiyikh comedian ,True
hasan.asadzadeh110,hasan asadzadeh,hamava traditional music manager road construction project implementation roller concrete type normal asphalt nova chip nano polymer fog seal chip seal,True
mohammad.alavinejad,mohammad.alavinejad,art key understanding life,True
payam._.hs,,ysyyaye mu mryt,True
ir989316,,tbz,True
mojeze_doaa2,Ù‡Ù…Ø³Ø§ÛŒÙ‡ Ø®Ø¯Ø§ |  hamsaye khoda,miracle dua prayer writing page type prayer writing best prayer writing teacher 10 year experience supervision page mojezedoaa,True
sanaa.hasani,,law student single esfahan khordadii,True
sanazz498,sanazØ§,mohsen,True
5x_77886,Ù…Ø±ÙŠÙˆÙ…Ù‡â™¥ï¸,margatsniyab 16 eye convince atheist god creative,True
reza_sh__ri,ğŸš¸ âƒ«ê¯­Éªá´á·ŸâŸâƒ¤ê™°ğŸ…¡ê¯­Ñ”ê¯­áƒê¯­á¯ê¯­â’Ì¶ÍÍŸâƒŸâƒŸâƒŸâƒŸâƒŸâƒŸâƒŸâƒŸ,lt meaning book sorry inconvenience,True
javadhydari69,javad.,yazd khozestan cb 1300 perspolis,True
mogaddam4502,mohadeseh,mohadesehnasirimogaddam main page,True
girl.____.rain,(ğŸŒ¸,life im fighting,True
rezaamiri6674,reza.amiri,hello,True
miss._.maryam13,maryğŸ’–jon,special naughty girl love art arrogant nervous,True
gaagyg,iiii,jjjj,True
sbm2021s2,sbm2021s,don39t miss,True
tm_hosein_tm,hosein,health didn39t know appreciation wish good wanted hurt u put friendship heel ladder aban 2002 computer tehran,True
ashkan.tabriz39,ashkan.tabriz,foundation,True
akiop87,Jimigkh95 hug,lopo9,True
erfan_janat_3,erfan_janat_3,selling training pack hack account without getting banned price 220 thousand tomans telegram id ali7r limited quantity 5 discount,True
amirrezaalizadeh._,mirreza_,official account amirreza alizadeh singer iran azerbaijan turkiye,True
mobina.ashrafi6,,four,True
beauti_shop20,nafas shop,welcome beauty shop cheapest price due removal middleman,True
mohamd._.1383,ğŸ‘‘â„³áƒÏƒã¿áƒáƒâˆ‚ğŸ‘‘,izeh ala news old men alley man passerby trace friendship love gift lotty lotty art,True
daniyal_real,á´…á´€É´ÉªÊá´€ÊŸ,daniyal alimohammadi field study biomedical engineering love playing guitar beat maker author short text karma,True
dokhi_khalili230,{Å‹ï¾‘ä¹™Å‚},it39s everyone39s job become corpse want bastard mud,True
asra_norzi,,med city 18 ahwaz city,True
misagh1860,aqamisagh,perspolisi 6 killed live krj,True
zahraabasi260,à®œÛ©Û©à®œ zahraà®œÛ©Û©à®œ,don39t set fire warm others,True
sb_rahimi85,sb_rahimi85,anywhere weather according desire go difference that39s difference sky walking away,True
naeme_fdaii,nazninğŸ’›â­ğŸ¥,mese darya bashin rasht,True
minooo__7990099,minooo__799009,tea,True
aramahmadi612,,singlee shiraz,True
zah_ra78z,,want reach u run reach u,True
nazanin.sh9923,,follow heart,True
mohamad_.unique,Mohammad Bazband,barber accountancy life understood backwards must lived forward,True
nilirose_waternili,Ú¯Ù„Ø§Ø¨ Ùˆ Ø¹Ø±Ù‚ÛŒØ¬Ø§Øª Ù…Ù…ØªØ§Ø² Ù†ÛŒÙ„ÛŒ,premium indigo rose herb kashan niaser free shipping city iran contact phone number order product 09139637090,True
khajeh1984,Mohammad Khajeh,well away filthy world look deed death near god,True
mobinaa.ah1,,nilofarbrj,True
ali__aq101,Ø¹Ù„ÙŠ ÙŠØ§Ø³Ø±,reply unfollow account interaction,True
nikita10104,,rstteh,True
alimo1751,alimo1751,alim787918,True
alireza.q11,,art in,True
_.13820,,wish happiness life dying,True
farzad.farzin.official.fan,,fan one person farzadfarzin1 farzad farzin,True
_amir._yekta_,,good gene zangan bahman equestrian animal sponsor tatality,True
milad_imani84,milad,39 peace i39ve scarred enough,True
mohaddse50,â™•â„–âˆ†mohaddeseÏ€^_^â™•,wish day dead calendar would congratulate peoplem,True
sahar_moghanloo_qz,sahar,lanhat,True
hale1375_,hale,may 1375 5 cycling tennis study,True
padeshahgalbam,Ù¾Ø§Ø¯Ø´Ø§Ù‡ Ù‚Ù„Ø¨Ù…â¦â¤ï¸â©,badansaz tehranandishe tataloo esteghlali elxbazohashi famous face boy guitarist jangi,True
negin_bell,,gem love graphic h ahvaz,True
1384.ayda.1384,,aida 15 maghror singele mehrab,True
mohh2,,sahar qureshi wet person saharghoreyshiofficialpage,True
sadgar_25253,Ø³Ø§ØºØ± Ø§Ù…ÛŒØ±ÛŒØ§Ù†,student member sagar izeh poetry association writer theater director go,True
arhmiiiii,:),live laugh,True
mahshidomidy,Mahshid,moonthe sunthe truth astrophile amp selenophile cmb stugus,True
sangstone17,Ø³Ù†Ú¯,artificial stone production artificialstone stone artificialstone khuzestan,True
turk_kadeh,,please update turkish series dubbing subtitle u,True
zohor189,m,imamzamanaj,True
rafieeyazd__jewerly,rafieeyazd__jewerly,holy mashhad khosravi st lidoma passage 1st floor 36 javaheri rafiei yazd 09152165363 place order service dear follower,True
ruzhan.keratin,Ú©Ø±Ø§ØªÛŒÙ†Ù‡ Ùˆ Ø§Ø­ÛŒØ§ğŸ’‡ğŸ’š,earpircinggosh kahtmghvoliummegavaliumsefartased rasht road rasht foman sarai azizi alley agha seyed ebrahim rozhan beauty salon,True
takpar7173,takpar----ğŸ˜,horn cow special complex high flag person something many,True
saeeed4568,,wild loneliness waiting anyone,True
erfan._fathali,erfan,pro volleyball player mechanic engineer,True
mariiijjjooon,mariiii,new page hmd fitnes ordibeheshti,True
alone.turk_oglan,shadow,alone,True
mohammad_toorke,ğŸ‘‘mohammadğŸ‘‘,jhh hfts hies jkjdr syuhc,True
alijiji4,Alex Tegzas,reff02i3vlza9,True
shakil2693,shakila,thanks hassan saboori returning page hassansaboorii,True
li_sun_do,,name god,True
nazi.m___6,naziğŸ˜,god great,True
nazila112288,ÙØ§Ù„Ùˆ Ú©Ù† Ø¨ÛŒØ§ Ø¢Ø´Ù†Ø§ Ø´ÛŒÙ…ğŸ™ƒ,new page falowfalow shatshat,True
ninijojo47,,hi guy it39s,True
manchesterunited__ir,Manchesterunited.edit,amir 18 rasht,True
doctor.s_xology,Doctor Sexology/Ø¯Ú©ØªØ± Ø³Ú©Ø³ÙˆÙ„ÙˆÚ˜ÛŒ,institute sexual wellness psychological counseling relief coldness premature ejaculation erection relief hormonal disorder menstruation women39s orgasm training tightening rejuvenation vagina,True
jui2021,Ooolk9,jui2021,True
adis_beauti,Adis_hair_keratin,keratin botox plexi organ therapy collagen therapy protein therapy revitalization smoothness type hair best ingredient highest durability rashtgilan,True
zari1375_,zariğŸ¤—ğŸ˜Š,zari 1375 khordad study walking photography tennis swimming drawing,True
dibabeauty__,,diba hairdresser providing cosmetic grooming service coaching experience jame mosque first subsection left opposite melon boutique 09171286480 zare,True
amirreza_almas9,Ñ¦Miâ„œâ„œâ‚¬ZÑ¦_Ñ¦â„“MÑ¦ï¹©,dey mahi kermanshah diamond boy af,True
sol_ad6,Sol_ad,az kore dar mirm,True
mohmmmd55,mohammad reza,thank god giving life today serve one day thank god giving opportunity grateful,True
narmak_ma,Ù†Ø§Ø±Ù…Ú© Ù…Ø§,page resident lover old narmak neighborhood follow news event narmak neighborhood narmak share subject u narmak,True
mohamad_m_yazdani_1999,â—”ÍœÍ¡â—” á¹ƒâ±ºâ±¨Ã¡á¹ƒá¹ƒÃ¡ÆŒÆ´Ã¡Æ¶ÆŒÃ¡ÆÂ¡  â—”ÍœÍ¡â—”,19990828 tehrani,True
0n_77881,ÙØ·ÙˆÙ…â™¥ï¸ğŸ–¤,change person imitate anyone follow word hear harm person,True
mandana_m2000,â¦ğŸ•Šï¸â© Ù…Ù€Ø§Ù†Ù€Ù€Ø¯Ø§Ù†Ù€Ù€Ø§ â¦ğŸ•Šï¸â©,self,True
mohana.rezayiii,,1380 box mordadi perspolis pv god,True
niraroya,Roya,life beautiful kinder,True
matana.dancer_fn,sara,talented fan page matanadancer,True
harfeh.hesaab,Ø­Ø±Ù Ø­Ø³Ø§Ø¨ | Ù…Ø±Ø¬Ø¹ Ø¹Ú©Ø³ Ù†ÙˆØ´ØªÙ‡,see every time increase pain see pain desire increase every time rasoolabbasijoochi,True
mahsom458,mahsom,tataloo iranian queen,True
kasbokar_enternati,Ú©Ø§Ø± Ø§ÛŒÙ†ØªØ±Ù†ØªÛŒ,excellent internet business high salary must try,True
homeland_golshahr,Ø³Ø§ÛŒØª Ù…Ø³Ú©Ù† Ù‡ÙˆÙ… Ù„Ù†Ø¯,turkey georgia representative office alborz buy sell mortgage rent please send detail property via direct mail whatsapp homelandgolshahr 0912 86 115 86,True
hesam.a.mohammdi,,hesammohammdiofficial page first,True
love__cli,Ù„Ø§Ùˆ Ú©Ù„ÛŒÙ¾ ğŸ’•,special romantic clip,True
rami_n6634,Rami_n6,baresie keifiat,True
sara_rezaee_deh_2020,sara rezaee deh,goodness without love impossible goodness without love impossible 1989,True
abdolah.zz,abdolah,los angeles,True
5x_77883,ÙØ·ÙˆÙ…â™¥ï¸ğŸŒ¹,margatsniyab 16 eye convince atheist god creative margatsniyab,True
nazanin_prv99,ğŸ‘‘nazaninğŸ‘‘,queen,True
mona_namdari_pv,Mona Namdari . Private,tehran came tame wolf dog became horned,True
mari.nr1381,,tataliti perspolisi sakenyazd motavaledkhordad,True
arvand.stores,arvand,arvand meaning magnificent furniture curtain fabric store yafed abad furniture market 09201231841 member tehran furniture makers39 union,True
0n_77886,Ø²Ù†ÙˆØ¨â™¥ï¸,change person imitate anyone follow word hear harm person,True
tina.mina0,Tina Mina,tina greatest mina,True
omid._moluodi,omid._.moluodi,ltgt,True
mahsa_rasouli79,ÙØ§Ù„ÙˆÙ… Ú©Ù†ÛŒØ¯,girl autumn,True
nzi_zib,nazanin zibayiâ¤,brand line mshhd,True
moh_amad8705,Mohamad. falahi.1387,doesn39t matter say behind head important thing don39t courage speak rome,True
moh.ammad109,Ø´Ù…Ø§Ø±Ø§Ø¯Ù†Ø¨Ø§Ù„ Ù…ÛŒ Ú©Ù†Ø¯,mohammad 1384mehrmahi perspolis,True
fashionwnderfully,ğ‹ğ”ğ— ğŸğšğ¬ğ¡ğ¢ğ¨ğ§,follow u attractive style idea,True
ali02.020,Alireza9,jiokio65gmailcom,True
hosein_7070_oo,â™ ï¸H O S E Nâ™ ï¸,live karj bahman mahi tatalitiyam turk love direct advertising low cost,True
hamedosivand,mosi bran,alone,True
saharqasemi576,,open page reach 100,True
khzmlhydr,Ú©Ø§Ø¸Ù… Ø§Ù„Ø­ÛŒØ¯Ø±ÛŒ,asil khuzestan ahvaz kitchen restaurant management kazem heydari ready accept order wedding marriage mourning ceremony 09397136555,True
barantaqipur,Ø¯Ø®ØªØ± Ø²ÛŒØ¨Ø§/Ø³Ú©Ø³ÛŒ/Ù‡Ú©Ø±,original id saeidkiarsian,True
mehrad_871,mehrad_samiei,flight enthusiast want crawl subject rule mashinbaz motobazan,True
_malik_jan_,ğ•ƒğ• ğ•ª ğ”¸ğ•£ğ•“ğ•’ğ•“,wrestler loy bazi khuda razi,True
miss.zahra_heidari_mnb,ğ™   ğ€   ğ‡   ğ‘   ğ€,quotfor god39s sake don39t worry mequot,True
stoppa_l,Stoppa# legend kiddo#,body dy vagine end life fuck u,True
melina132021,mel00919,peru,True
5x_77884,Ù†Ø±Ø¬ÙˆØ³Ù‡â™¥ï¸â˜¹,margatsniyab 16 eye convince atheist god creative,True
sara._.202456,,good health one opposes world crushed mother39s tear,True
mmd_alili,,mamad mamad,True
fatiep0,Ø¨Ú© Ø¨Ø¯Ù‡ ğŸ˜,tettzuks,True
fatemeh.cheshomiyy,,direct block base shot follow follow sbz direct promotion,True
mohammad93878,,girl come pv,True
aidin_99999,aidin,man ye khoshgelam,True
_sheyni_org,â€Œ,beautifulspecializedchignon hairfashionaccessory brideaccessory tajfashiondesigner weddingdresstourdesigner karaj tehran,True
gamlidunya,ØºÙ€Ù€Ù€Ù€Ù€Ù…Ù„Ù€Ù€Û’ Ø¯Ø¤Ù†ÛŒÙ€Ù€Ù€Ù€Ø§Ù…,borasi menim ghemli douniam di followfollow likelike commentcomment gamlidunya,True
kimia_78_a,K Y M Y AğŸ‘‘,mhr mahy,True
jenab_mohammadreza,ğŸ”±ğŸ”±MOHAMMADREZAğŸ”±ğŸ”±,heart left go right way live meshgin alni football cr7 taj followfollow likelike commentcomment single,True
